﻿{"cameraMode":{"drawMode":0,"name":"Shaded","section":"Shading Mode"},"sceneLighting":true,"audioPlay":false,"sceneViewState":{"showFog":true,"showMaterialUpdate":false,"showSkybox":true,"showFlares":true,"showImageEffects":true,"showParticleSystems":true},"in2DMode":false,"pivot":{"x":1.278894305229187,"y":2.4528708457946779,"z":-1.199761152267456},"rotation":{"x":0.2113536298274994,"y":0.019059259444475175,"z":-0.00411600898951292,"w":0.9772152304649353},"size":21.895854949951173,"orthographic":false}